source,target,weight,blocking_reason
24331,26285,50,Harassment
24331,48838,36,Spam
24331,58140,34,Misinformation
24331,25479,71,Harassment
24331,41216,81,Misinformation
24331,4196,33,Misinformation
24331,3790,59,Spam
24331,51137,35,Misinformation
24331,48286,41,Harassment
24331,44447,118,Hate-speech
24331,23430,35,Harassment
24331,52339,75,Spam
24331,59970,32,Harassment
24331,28706,62,Spam
24331,38786,51,Spam
24331,47884,37,Harassment
24331,11070,53,Hate-speech
24331,67020,258,Spam
24331,12744,54,Misinformation
24331,4010,33,Spam
24331,25143,43,Harassment
24331,67390,73,Harassment
24331,34123,95,Spam
24331,6617,114,Misinformation
24331,52128,37,Harassment
24331,16357,42,Spam
24331,40580,79,Hate-speech
24331,37889,32,Spam
24331,18582,79,Spam
24331,61818,67,Misinformation
24331,71309,117,Spam
24331,13475,62,Spam
24331,27433,32,Spam
24331,30277,48,Hate-speech
24331,33286,40,Harassment
24331,12110,496,Spam
24331,9233,59,Harassment
24331,15836,74,Spam
24331,39921,32,Spam
24331,39945,184,Harassment
24331,61353,35,Harassment
24331,9104,33,Spam
24331,61586,48,Hate-speech
24331,53961,32,Spam
24331,33945,337,Harassment
24331,48313,37,Hate-speech
24331,37190,34,Hate-speech
24331,38251,33,Hate-speech
24331,2563,82,Spam
24331,10734,84,Harassment
24331,69565,43,Harassment
24331,64207,36,Spam
24331,24056,32,Hate-speech
24331,73472,51,Harassment
24331,46931,158,Hate-speech
24331,4662,48,Spam
24331,48847,37,Harassment
24331,27722,38,Misinformation
24331,13009,43,Misinformation
24331,63730,38,Hate-speech
24331,55400,34,Hate-speech
24331,20099,37,Hate-speech
24331,65308,50,Harassment
24331,33332,39,Spam
24331,27406,154,Hate-speech
24331,35941,34,Spam
24331,4283,49,Harassment
24331,21757,32,Harassment
24331,2991,48,Spam
24331,2932,36,Misinformation
24331,53450,42,Harassment
24331,9272,46,Spam
24331,11491,40,Hate-speech
24331,51807,36,Spam
24331,30147,35,Misinformation
24331,64708,57,Hate-speech
24331,4824,96,Harassment
24331,20728,51,Spam
24331,10274,37,Spam
24331,14384,39,Hate-speech
24331,28605,117,Hate-speech
24331,40322,70,Harassment
24331,11457,33,Hate-speech
24331,22649,39,Harassment
24331,17990,84,Spam
24331,2545,37,Hate-speech
24331,34609,185,Spam
24331,27540,158,Spam
24331,22372,91,Harassment
24331,38185,39,Spam
24331,10407,35,Harassment
24331,21936,32,Harassment
24331,64590,51,Misinformation
24331,22872,102,Spam
24331,40367,35,Misinformation
24331,34714,139,Misinformation
24331,10676,50,Hate-speech
24331,4867,47,Harassment
24331,19960,356,Misinformation
24331,46717,79,Misinformation
24331,57013,34,Misinformation
24331,28355,37,Harassment
24331,31387,49,Harassment
24331,10292,38,Misinformation
24331,46635,39,Harassment
24331,23951,91,Harassment
24331,37788,71,Hate-speech
24331,9573,41,Harassment
24331,29302,61,Misinformation
24331,32710,272,Spam
24331,25278,231,Spam
24331,20252,280,Misinformation
24331,61671,65,Spam
24331,23279,31,Spam
24331,55404,31,Hate-speech
24331,19132,34,Hate-speech
24331,48691,41,Misinformation
24331,66050,33,Hate-speech
24331,2246,83,Hate-speech
24331,13567,37,Spam
24331,38137,44,Spam
24331,11289,33,Misinformation
24331,62411,57,Harassment
24331,30111,975,Spam
24331,44199,83,Harassment
24331,21497,48,Hate-speech
24331,56262,89,Hate-speech
24331,67009,65,Hate-speech
24331,70726,32,Spam
24331,45215,33,Harassment
24331,34961,111,Hate-speech
24331,24993,476,Hate-speech
24331,48014,35,Hate-speech
24331,49236,39,Harassment
24331,13134,76,Hate-speech
24331,64981,53,Spam
24331,44379,58,Misinformation
24331,54704,50,Spam
24331,71956,877,Spam
24331,72364,80,Spam
24331,47387,38,Hate-speech
24331,32515,45,Harassment
24331,21562,44,Harassment
24331,28830,76,Harassment
24331,33398,51,Spam
24331,54687,45,Misinformation
24331,17431,34,Spam
24331,16427,86,Harassment
24331,51754,50,Hate-speech
24331,20542,35,Misinformation
24331,36370,31,Misinformation
24331,70306,36,Hate-speech
24331,69938,39,Harassment
24331,38529,43,Hate-speech
24331,53913,33,Harassment
24331,71398,48,Harassment
24331,66750,78,Misinformation
24331,51947,32,Harassment
24331,56257,86,Spam
24331,24659,66,Harassment
24331,25614,36,Harassment
24331,34729,38,Harassment
24331,48705,36,Misinformation
24331,9239,51,Spam
24331,36398,363,Spam
24331,22426,83,Misinformation
24331,1234,33,Hate-speech
24331,60980,35,Hate-speech
24331,41723,56,Misinformation
24331,35405,34,Misinformation
24331,47521,51,Spam
24331,26787,48,Misinformation
24331,72944,81,Hate-speech
24331,71088,98,Spam
24331,52485,45,Spam
24331,973,40,Spam
24331,4475,58,Harassment
24331,62528,44,Hate-speech
24331,2447,31,Harassment
24331,6810,34,Misinformation
24331,49754,34,Harassment
24331,1436,31,Harassment
24331,38427,39,Misinformation
24331,73116,33,Hate-speech
24331,15638,52,Hate-speech
24331,15542,75,Hate-speech
24331,37212,33,Harassment
24331,10796,50,Misinformation
24331,69973,68,Harassment
24331,6931,36,Hate-speech
24331,69985,145,Harassment
24331,71206,35,Spam
24331,66902,34,Harassment
24331,71814,85,Harassment
24331,47474,45,Spam
24331,27986,109,Misinformation
24331,6431,40,Misinformation
24331,47841,55,Hate-speech
24331,6183,61,Spam
24331,496,40,Harassment
24331,20873,46,Spam
24331,58582,101,Harassment
24331,10481,32,Harassment
24331,28241,55,Spam
24331,52874,34,Spam
24331,22574,61,Harassment
24331,72109,44,Misinformation
24331,64626,52,Spam
24331,264,31,Misinformation
24331,49005,31,Harassment
24331,23202,35,Hate-speech
24331,37672,31,Harassment
24331,11784,63,Harassment
24331,13272,33,Harassment
24331,54088,35,Hate-speech
24331,33079,39,Hate-speech
24331,18087,33,Misinformation
24331,28574,40,Hate-speech
11487,9827,44,Harassment
11487,46080,81,Misinformation
40846,51667,35,Harassment
40846,15730,70,Misinformation
40846,1185,32,Spam
40846,24745,37,Spam
40846,37210,35,Spam
40846,44447,72,Misinformation
40846,60203,74,Harassment
40846,48494,63,Harassment
40846,25903,37,Misinformation
40846,54345,36,Hate-speech
40846,71385,47,Misinformation
40846,960,38,Misinformation
40846,44940,31,Hate-speech
40846,6147,36,Spam
40846,49622,35,Hate-speech
40846,8645,37,Harassment
40846,60793,66,Harassment
40846,25529,41,Misinformation
40846,1227,44,Misinformation
40846,43094,148,Misinformation
40846,67755,70,Spam
40846,46308,122,Spam
40846,50043,58,Harassment
40846,57976,185,Hate-speech
40846,21472,34,Spam
40846,6745,45,Spam
40846,3205,179,Spam
40846,57255,37,Hate-speech
40846,71390,55,Misinformation
40846,18873,33,Spam
40846,44411,36,Hate-speech
40846,13461,204,Hate-speech
40846,4843,33,Hate-speech
40846,69468,38,Harassment
40846,6608,64,Spam
40846,590,117,Spam
40846,33253,84,Spam
40846,13394,281,Hate-speech
40846,59103,35,Spam
40846,19468,69,Misinformation
40846,26026,33,Hate-speech
40846,66537,33,Spam
40846,40047,70,Misinformation
40846,66720,77,Misinformation
40846,17650,50,Harassment
40846,8290,34,Misinformation
40846,57477,32,Harassment
40846,67122,36,Harassment
40846,67821,114,Misinformation
40846,67321,70,Harassment
40846,73617,54,Harassment
40846,32651,34,Misinformation
40846,51027,35,Hate-speech
40846,24186,39,Misinformation
40846,893,38,Harassment
40846,71622,61,Harassment
40846,34277,32,Misinformation
40846,30123,168,Misinformation
40846,56406,43,Hate-speech
40846,5710,35,Hate-speech
40846,22917,32,Misinformation
40846,18190,57,Misinformation
40846,9842,76,Hate-speech
40846,57495,33,Misinformation
40846,12187,38,Spam
40846,55943,110,Spam
40846,1102,39,Harassment
40846,48724,97,Misinformation
40846,19212,33,Misinformation
40846,8608,42,Misinformation
40846,6390,38,Misinformation
40846,72608,32,Spam
40846,60564,45,Hate-speech
40846,10291,36,Misinformation
40846,59362,85,Hate-speech
40846,62963,31,Misinformation
40846,24291,31,Spam
40846,198,60,Misinformation
40846,28469,63,Misinformation
40846,16497,36,Harassment
40846,56171,48,Harassment
40846,15368,32,Spam
40846,35178,198,Hate-speech
40846,61643,44,Spam
40846,7766,43,Misinformation
40846,51543,36,Hate-speech
40846,40867,83,Harassment
40846,38423,33,Spam
40846,55301,33,Hate-speech
40846,10451,44,Hate-speech
40846,62763,50,Hate-speech
40846,42706,158,Spam
40846,16719,42,Spam
40846,64912,44,Misinformation
40846,15842,31,Spam
40846,58262,294,Misinformation
40846,53399,46,Misinformation
40846,58555,47,Hate-speech
40846,23843,35,Harassment
40846,57713,50,Hate-speech
40846,23676,38,Harassment
40846,67070,37,Hate-speech
40846,61909,83,Harassment
40846,54914,50,Hate-speech
40846,61769,81,Misinformation
40846,58965,39,Harassment
40846,59704,33,Misinformation
40846,38977,104,Misinformation
40846,40534,31,Hate-speech
40846,32814,48,Hate-speech
40846,39470,53,Harassment
40846,13563,155,Misinformation
40846,29829,36,Misinformation
40846,46707,105,Hate-speech
40846,67063,38,Misinformation
40846,8745,31,Harassment
40846,6044,41,Misinformation
40846,22583,95,Misinformation
40846,58999,32,Spam
40846,12739,94,Harassment
40846,31062,51,Spam
40846,2207,83,Hate-speech
40846,59632,38,Harassment
40846,25521,45,Spam
40846,28263,40,Misinformation
40846,31912,46,Harassment
40846,17209,72,Harassment
40846,53020,44,Harassment
40846,26482,89,Spam
40846,34373,39,Harassment
40846,66412,43,Hate-speech
40846,46480,37,Harassment
40846,45125,47,Spam
40846,27246,51,Harassment
40846,68036,44,Hate-speech
40846,44871,56,Spam
40846,56888,69,Spam
40846,50611,58,Spam
40846,8481,179,Hate-speech
40846,72499,37,Hate-speech
40846,3032,56,Misinformation
40846,56739,39,Spam
40846,10079,32,Hate-speech
40846,52898,61,Spam
40846,12572,53,Spam
40846,15773,35,Misinformation
40846,62670,47,Misinformation
40846,16264,35,Misinformation
40846,15116,46,Spam
40846,15028,153,Spam
40846,9967,36,Hate-speech
40846,54020,46,Harassment
40846,2340,112,Hate-speech
40846,36669,41,Misinformation
40846,55390,38,Hate-speech
40846,12154,48,Hate-speech
40846,22227,32,Spam
40846,58615,38,Harassment
40846,5764,35,Misinformation
40846,49925,49,Hate-speech
40846,37080,31,Spam
40846,57291,40,Harassment
40846,24483,37,Spam
40846,13362,47,Hate-speech
40846,43239,108,Harassment
40846,22020,213,Hate-speech
40846,55496,34,Hate-speech
40846,32658,61,Misinformation
40846,39724,31,Hate-speech
40846,1955,41,Harassment
40846,4000,69,Misinformation
40846,56541,113,Misinformation
40846,51702,45,Hate-speech
40846,8935,41,Hate-speech
40846,50643,89,Spam
40846,41238,40,Hate-speech
40846,68648,46,Misinformation
40846,39688,55,Harassment
40846,19022,52,Misinformation
40846,68053,57,Spam
40846,34875,34,Hate-speech
40846,33497,33,Misinformation
40846,11799,96,Hate-speech
40846,9420,74,Misinformation
40846,30213,69,Spam
40846,8647,124,Hate-speech
40846,42434,402,Spam
3687,18741,108,Harassment
3687,70479,34,Harassment
3687,35347,44,Spam
3687,56055,102,Misinformation
3687,63676,37,Spam
3687,42211,94,Spam
3687,12038,108,Harassment
3687,39033,31,Misinformation
49537,54047,45,Hate-speech
49537,19998,51,Spam
49537,5895,33,Misinformation
64266,41722,145,Harassment
64266,62534,62,Spam
64266,21747,54,Misinformation
64266,10001,109,Hate-speech
64266,17412,40,Hate-speech
64266,34917,64,Hate-speech
64266,27627,31,Hate-speech
64266,69329,33,Hate-speech
64266,6555,31,Hate-speech
64266,20252,34,Hate-speech
64266,23250,35,Hate-speech
64266,71956,31,Misinformation
64266,7251,38,Hate-speech
64266,29032,183,Misinformation
64266,71018,47,Spam
64266,9403,65,Spam
64266,59095,58,Spam
64266,53255,33,Spam
64266,29667,32,Misinformation
64266,2720,31,Spam
9613,66310,33,Hate-speech
9613,37200,35,Spam
9613,10676,210,Hate-speech
9613,64884,31,Harassment
9613,44854,71,Misinformation
55898,70864,31,Hate-speech
68316,17553,39,Spam
19420,72378,39,Misinformation
19420,7130,116,Misinformation
19420,28439,63,Spam
19420,10643,31,Spam
19420,7711,36,Misinformation
19420,38421,62,Spam
19420,26288,89,Hate-speech
19420,59694,31,Spam
19420,72477,83,Misinformation
19420,32476,38,Harassment
19420,9334,59,Misinformation
19420,62534,136,Harassment
19420,60978,88,Spam
19420,48330,34,Harassment
19420,47868,99,Misinformation
19420,55867,121,Hate-speech
19420,4984,114,Spam
19420,28294,68,Harassment
19420,27940,48,Hate-speech
19420,44639,64,Misinformation
19420,59984,73,Misinformation
19420,7903,56,Hate-speech
19420,14633,75,Hate-speech
19420,17415,66,Misinformation
19420,8214,62,Misinformation
19420,46527,35,Misinformation
19420,16046,86,Harassment
19420,45774,56,Hate-speech
19420,57122,39,Misinformation
19420,63090,37,Harassment
19420,52587,48,Spam
19420,65227,66,Harassment
19420,30343,45,Hate-speech
19420,15465,58,Harassment
19420,54386,53,Spam
19420,47263,43,Misinformation
19420,4978,31,Spam
19420,7835,70,Spam
19420,33124,133,Harassment
19420,63236,39,Spam
19420,28883,68,Harassment
19420,5955,124,Misinformation
19420,52919,35,Spam
19420,28970,50,Hate-speech
19420,27149,53,Spam
19420,36886,60,Harassment
19420,30533,44,Hate-speech
19420,55759,53,Harassment
19420,6555,33,Misinformation
19420,41316,85,Misinformation
19420,55004,32,Misinformation
19420,10451,50,Harassment
19420,7178,34,Misinformation
19420,27332,41,Harassment
19420,28758,74,Hate-speech
19420,65412,101,Harassment
19420,21863,48,Misinformation
19420,8535,41,Harassment
19420,59111,33,Hate-speech
19420,45430,114,Misinformation
19420,61942,57,Spam
19420,10968,36,Harassment
19420,43782,65,Misinformation
19420,8933,32,Harassment
19420,45701,34,Harassment
19420,71212,45,Harassment
19420,23615,36,Hate-speech
19420,37546,73,Hate-speech
19420,65768,37,Harassment
19420,28263,51,Spam
19420,20372,33,Spam
19420,58405,32,Misinformation
19420,21425,32,Hate-speech
19420,45243,38,Hate-speech
19420,74007,33,Harassment
19420,11080,38,Hate-speech
19420,7217,31,Spam
19420,63545,33,Harassment
19420,72164,34,Misinformation
19420,52106,31,Misinformation
19420,37827,50,Hate-speech
19420,25186,38,Spam
19420,14617,54,Harassment
19420,56655,48,Harassment
19420,24059,33,Spam
19420,67392,35,Spam
19420,19781,45,Harassment
19420,62081,54,Spam
19420,60624,44,Misinformation
19420,49925,36,Spam
19420,73894,76,Misinformation
19420,49770,37,Harassment
19420,63075,45,Misinformation
19420,41331,51,Harassment
19420,3186,150,Spam
19420,13988,31,Hate-speech
19420,12748,32,Harassment
19420,69645,87,Hate-speech
19420,43239,52,Harassment
19420,60281,40,Hate-speech
19420,51844,48,Hate-speech
19420,55217,39,Spam
19420,62077,80,Misinformation
19420,41926,53,Misinformation
19420,26055,31,Spam
19420,40990,165,Harassment
19420,3319,34,Spam
19420,10052,31,Hate-speech
19420,53899,77,Harassment
19420,4610,32,Misinformation
58360,50460,32,Spam
58360,18880,80,Hate-speech
58360,56055,32,Misinformation
63892,72357,73,Harassment
63892,48110,32,Hate-speech
63892,12110,48,Spam
63892,25278,68,Harassment
63892,47050,35,Misinformation
63892,46406,42,Hate-speech
63892,59120,31,Hate-speech
49630,5240,31,Misinformation
49630,11838,38,Hate-speech
52265,62364,83,Hate-speech
52265,11811,195,Hate-speech
52265,22242,56,Hate-speech
52265,55867,41,Misinformation
52265,63609,84,Hate-speech
52265,28537,50,Hate-speech
52265,5081,107,Misinformation
52265,72608,44,Misinformation
52265,64466,34,Harassment
52265,55301,52,Misinformation
52265,53399,31,Misinformation
52265,58965,45,Spam
52265,38977,87,Misinformation
52265,8745,32,Hate-speech
52265,2207,49,Hate-speech
52265,54020,38,Spam
52265,27913,45,Spam
52265,57291,216,Misinformation
52265,43239,67,Harassment
52265,23272,49,Spam
52265,22020,50,Spam
52265,34281,50,Misinformation
52265,9420,40,Misinformation
52265,30213,43,Harassment
52265,8647,35,Harassment
38172,5367,31,Misinformation
38172,56055,32,Harassment
34039,28439,35,Hate-speech
34039,17553,59,Misinformation
34039,68441,46,Hate-speech
34039,32476,38,Spam
34039,59537,35,Spam
34039,56743,38,Harassment
34039,60978,231,Spam
34039,67308,32,Misinformation
34039,33945,50,Misinformation
34039,1835,91,Harassment
34039,14402,34,Hate-speech
34039,47606,34,Hate-speech
34039,46527,40,Misinformation
34039,35657,32,Spam
34039,57122,42,Hate-speech
34039,39580,38,Spam
34039,28217,46,Misinformation
34039,66930,34,Misinformation
34039,18741,708,Hate-speech
34039,64152,80,Misinformation
34039,17431,45,Harassment
34039,54673,52,Hate-speech
34039,59997,76,Spam
34039,25342,31,Misinformation
34039,29507,60,Misinformation
34039,43441,116,Hate-speech
34039,59461,53,Misinformation
34039,19781,36,Hate-speech
34039,73298,54,Harassment
34039,43321,95,Hate-speech
34039,21367,32,Harassment
34039,68091,31,Harassment
34039,62077,97,Misinformation
34039,53899,90,Spam
51240,30793,302,Spam
51240,7407,39,Harassment
51240,9419,164,Harassment
51240,37520,77,Harassment
51240,48996,77,Hate-speech
51240,2438,136,Spam
51240,27092,110,Hate-speech
51240,65074,39,Hate-speech
51240,30396,49,Harassment
51240,2483,59,Hate-speech
51240,7246,34,Spam
51240,56108,42,Hate-speech
51240,63300,32,Misinformation
51240,73833,165,Harassment
51240,47387,58,Spam
51240,62250,88,Harassment
51240,58022,36,Hate-speech
51240,59898,42,Hate-speech
51240,52294,42,Harassment
51240,64785,127,Hate-speech
51240,1593,39,Hate-speech
51240,44159,69,Hate-speech
51240,22056,40,Harassment
23603,13358,32,Harassment
3813,17553,109,Misinformation
3813,26288,46,Harassment
3813,56440,43,Spam
3813,32476,34,Spam
3813,34601,49,Harassment
3813,60978,557,Hate-speech
3813,53293,39,Harassment
3813,4984,178,Harassment
3813,19337,39,Misinformation
3813,66930,34,Hate-speech
3813,53399,56,Harassment
3813,15028,157,Hate-speech
3813,42211,110,Hate-speech
3813,67392,36,Spam
3813,29339,62,Misinformation
3813,33090,39,Harassment
3813,30638,33,Misinformation
3813,56541,49,Harassment
3813,62077,85,Misinformation
3813,26055,73,Misinformation
43633,35357,32,Harassment
67859,31329,44,Misinformation
67859,4225,141,Spam
67859,22174,41,Misinformation
67859,15422,39,Hate-speech
67859,42653,50,Spam
67859,42580,61,Spam
67859,55498,38,Spam
67859,13590,504,Harassment
67859,5277,46,Misinformation
67859,55015,56,Misinformation
67859,70167,141,Spam
67859,49813,103,Spam
67859,37531,40,Spam
67859,64640,33,Spam
67859,4784,42,Harassment
67859,36211,51,Misinformation
67859,70493,40,Spam
67859,56699,40,Harassment
67859,55574,50,Harassment
67859,2003,38,Hate-speech
67859,39612,46,Harassment
67859,2587,40,Spam
29825,16277,43,Misinformation
29825,60967,47,Misinformation
60353,21535,46,Hate-speech
60353,20623,35,Misinformation
60353,51477,297,Spam
60353,60978,180,Spam
60353,9419,45,Hate-speech
60353,53084,94,Harassment
60353,6730,43,Misinformation
60353,39914,36,Harassment
60353,19278,82,Harassment
60353,56415,35,Spam
60353,72557,36,Hate-speech
60353,70167,175,Hate-speech
60353,5697,104,Hate-speech
60353,73833,46,Misinformation
60353,58893,37,Misinformation
60353,61541,31,Hate-speech
60353,5651,31,Spam
60353,10048,52,Harassment
60353,58165,169,Misinformation
60353,53987,181,Harassment
60353,14454,45,Misinformation
60353,18015,75,Spam
60353,54056,180,Harassment
60353,46414,34,Misinformation
60353,65486,37,Misinformation
60353,5362,37,Spam
60353,58735,67,Misinformation
60353,68806,34,Harassment
60353,38728,519,Spam
4872,20808,38,Spam
4872,52452,35,Harassment
4872,13889,35,Spam
4872,9403,35,Spam
35721,17553,41,Spam
35721,68441,48,Hate-speech
35721,62550,155,Spam
35721,19385,33,Hate-speech
22144,45399,38,Misinformation
22144,7213,49,Hate-speech
22144,1453,35,Spam
22144,71460,46,Harassment
48127,2951,47,Hate-speech
18988,68441,44,Misinformation
18988,23633,38,Hate-speech
26643,60978,190,Misinformation
26643,3461,35,Misinformation
26643,20252,39,Harassment
28680,27214,61,Spam
28680,54419,40,Hate-speech
38313,41903,105,Misinformation
38313,46100,34,Misinformation
38313,23430,44,Hate-speech
38313,47299,34,Harassment
38313,41155,41,Spam
38313,2444,33,Harassment
38313,42003,235,Harassment
38313,59805,34,Harassment
38313,50221,48,Harassment
38313,29260,33,Spam
38313,926,47,Hate-speech
38313,58890,60,Harassment
38313,3205,66,Harassment
38313,54307,143,Hate-speech
38313,54212,47,Harassment
38313,40236,33,Harassment
38313,64825,47,Misinformation
38313,70919,40,Spam
38313,73263,56,Misinformation
38313,1505,31,Harassment
38313,37022,34,Harassment
38313,72217,35,Misinformation
38313,12347,43,Harassment
38313,17008,37,Spam
38313,71695,32,Hate-speech
38313,27837,85,Harassment
38313,71301,31,Spam
38313,59215,58,Spam
38313,4984,33,Harassment
38313,48525,45,Misinformation
38313,44041,79,Hate-speech
38313,59467,105,Hate-speech
38313,57477,34,Hate-speech
38313,36454,43,Spam
38313,39948,44,Misinformation
38313,23517,88,Harassment
38313,25871,37,Harassment
38313,42874,35,Spam
38313,69229,43,Hate-speech
38313,55400,31,Misinformation
38313,1035,64,Spam
38313,10001,37,Harassment
38313,48724,312,Spam
38313,11835,77,Hate-speech
38313,25048,35,Misinformation
38313,3477,62,Spam
38313,16087,38,Harassment
38313,15170,71,Hate-speech
38313,34609,38,Hate-speech
38313,30207,47,Spam
38313,60272,39,Hate-speech
38313,60397,36,Spam
38313,48949,46,Spam
38313,48551,33,Misinformation
38313,40867,36,Spam
38313,55470,35,Harassment
38313,70709,59,Harassment
38313,39954,46,Misinformation
38313,10451,39,Misinformation
38313,69126,37,Spam
38313,16467,48,Harassment
38313,245,45,Hate-speech
38313,73901,40,Misinformation
38313,20252,107,Harassment
38313,11261,46,Spam
38313,9358,31,Misinformation
38313,59038,58,Misinformation
38313,21392,39,Misinformation
38313,42797,31,Harassment
38313,13134,46,Hate-speech
38313,38977,220,Misinformation
38313,48827,34,Harassment
38313,70644,51,Hate-speech
38313,45701,59,Spam
38313,798,43,Spam
38313,34476,86,Spam
38313,29176,64,Spam
38313,4777,37,Harassment
38313,25427,47,Spam
38313,18719,67,Misinformation
38313,36370,40,Hate-speech
38313,2916,65,Misinformation
38313,68502,50,Spam
38313,15673,77,Hate-speech
38313,56055,188,Hate-speech
38313,65145,38,Misinformation
38313,26482,112,Misinformation
38313,2704,32,Spam
38313,57081,80,Harassment
38313,38221,129,Harassment
38313,56888,161,Spam
38313,43056,45,Hate-speech
38313,72164,52,Misinformation
38313,68712,66,Harassment
38313,56736,99,Spam
38313,49177,39,Spam
38313,67787,71,Hate-speech
38313,69973,49,Spam
38313,22227,56,Hate-speech
38313,18962,116,Hate-speech
38313,49270,46,Harassment
38313,46815,88,Misinformation
38313,71814,34,Hate-speech
38313,65018,43,Harassment
38313,43239,35,Harassment
38313,31685,81,Spam
38313,48423,45,Spam
38313,19867,72,Misinformation
38313,33281,64,Spam
38313,69061,34,Spam
38313,19691,35,Harassment
38313,19022,58,Spam
38313,10052,38,Hate-speech
38313,11784,73,Misinformation
38313,39033,38,Misinformation
38313,23103,36,Harassment
38313,42434,38,Harassment
7003,37674,45,Hate-speech
7003,25903,50,Spam
7003,43094,55,Spam
7003,46308,109,Hate-speech
7003,50043,51,Harassment
7003,29678,35,Harassment
7003,8646,48,Harassment
7003,8762,32,Harassment
7003,61643,34,Misinformation
7003,59874,54,Hate-speech
7003,13767,34,Hate-speech
7003,61909,69,Misinformation
7003,70138,33,Spam
7003,45701,37,Hate-speech
7003,68251,63,Hate-speech
7003,18256,57,Harassment
7003,67623,32,Hate-speech
7003,57291,38,Harassment
7003,43239,32,Spam
7003,47145,32,Spam
7003,73088,33,Misinformation
7003,11799,33,Harassment
7003,8647,124,Spam
11376,30547,40,Harassment
11376,17777,31,Harassment
11376,43102,68,Harassment
11376,62525,36,Harassment
11376,31212,31,Harassment
11376,69592,35,Harassment
11376,8958,51,Harassment
11376,40525,55,Hate-speech
11376,26642,54,Spam
22219,14886,54,Misinformation
22219,58686,110,Misinformation
22219,11326,33,Hate-speech
22219,6730,38,Spam
22219,1221,60,Misinformation
22219,16973,36,Misinformation
22219,73833,74,Hate-speech
22219,41021,31,Misinformation
22219,24197,33,Hate-speech
22219,72453,34,Spam
22219,54056,46,Spam
22219,46192,54,Spam
3765,12110,31,Hate-speech
60509,74295,36,Hate-speech
35834,29627,33,Spam
35834,22304,66,Harassment
35834,46100,35,Spam
35834,14353,38,Spam
35834,7906,47,Hate-speech
35834,14149,44,Spam
35834,39584,43,Misinformation
35834,38441,72,Misinformation
35834,51570,34,Harassment
35834,68441,31,Spam
35834,26455,45,Harassment
35834,23868,115,Spam
35834,13183,60,Spam
35834,25631,36,Harassment
35834,44060,34,Misinformation
35834,68622,38,Harassment
35834,53768,34,Harassment
35834,43746,106,Misinformation
35834,37265,40,Misinformation
35834,1498,33,Harassment
35834,42389,65,Misinformation
35834,14877,38,Harassment
35834,48525,43,Spam
35834,26406,196,Harassment
35834,59464,31,Spam
35834,6388,42,Misinformation
35834,66490,54,Harassment
35834,29789,55,Misinformation
35834,18524,56,Hate-speech
35834,54291,37,Misinformation
35834,52513,77,Harassment
35834,68338,65,Hate-speech
35834,38503,32,Harassment
35834,8263,163,Harassment
35834,71051,68,Harassment
35834,62420,105,Spam
35834,632,350,Harassment
35834,63942,35,Hate-speech
35834,24698,110,Spam
35834,35509,144,Harassment
35834,6531,33,Hate-speech
35834,39177,69,Spam
35834,34917,246,Hate-speech
35834,10156,55,Misinformation
35834,51497,94,Misinformation
35834,29850,60,Hate-speech
35834,14384,36,Harassment
35834,34609,99,Spam
35834,35077,40,Harassment
35834,2304,71,Spam
35834,61036,38,Spam
35834,27540,67,Hate-speech
35834,22372,49,Hate-speech
35834,63510,63,Harassment
35834,51033,100,Hate-speech
35834,32735,34,Harassment
35834,51956,49,Misinformation
35834,51249,46,Misinformation
35834,7275,36,Spam
35834,44018,32,Misinformation
35834,55734,41,Harassment
35834,54496,60,Spam
35834,65580,164,Harassment
35834,36679,36,Spam
35834,47035,120,Hate-speech
35834,13781,73,Misinformation
35834,23139,56,Misinformation
35834,25278,356,Spam
35834,27286,35,Harassment
35834,70976,59,Misinformation
35834,16616,39,Misinformation
35834,28156,35,Harassment
35834,31619,72,Misinformation
35834,61713,39,Harassment
35834,71303,66,Harassment
35834,22721,33,Misinformation
35834,65865,34,Misinformation
35834,17445,51,Misinformation
35834,61407,52,Hate-speech
35834,57862,41,Hate-speech
35834,41775,80,Harassment
35834,34961,50,Misinformation
35834,42797,57,Misinformation
35834,19582,31,Spam
35834,47705,33,Spam
35834,67788,203,Spam
35834,56939,43,Harassment
35834,35487,31,Spam
35834,69664,65,Harassment
35834,4575,51,Spam
35834,71956,348,Spam
35834,37463,37,Hate-speech
35834,43980,46,Harassment
35834,42841,65,Hate-speech
35834,55854,51,Harassment
35834,40946,37,Spam
35834,30977,33,Hate-speech
35834,17431,53,Spam
35834,18985,120,Harassment
35834,23313,50,Hate-speech
35834,38111,47,Misinformation
35834,48335,40,Spam
35834,27461,38,Spam
35834,68869,39,Hate-speech
35834,56055,164,Misinformation
35834,16804,52,Spam
35834,34803,35,Spam
35834,32807,33,Harassment
35834,48476,70,Misinformation
35834,41723,45,Spam
35834,23350,48,Hate-speech
35834,25546,35,Spam
35834,33157,44,Misinformation
35834,38648,36,Misinformation
35834,56458,58,Misinformation
35834,973,63,Hate-speech
35834,35841,47,Harassment
35834,13980,31,Misinformation
35834,26989,36,Misinformation
35834,25550,40,Misinformation
35834,11745,42,Spam
35834,9403,66,Misinformation
35834,15638,306,Harassment
35834,1799,44,Harassment
35834,31101,31,Hate-speech
35834,6931,48,Spam
35834,34301,47,Spam
35834,70156,69,Harassment
35834,494,35,Misinformation
35834,28949,36,Hate-speech
35834,57475,51,Hate-speech
35834,18436,107,Spam
35834,17217,31,Harassment
35834,29743,31,Misinformation
35834,63426,37,Spam
35834,19807,55,Hate-speech
35834,57279,43,Spam
35834,64391,37,Spam
35834,10188,47,Harassment
35834,68776,52,Hate-speech
35834,54391,54,Harassment
35834,15761,38,Hate-speech
35834,14340,110,Harassment
35834,52084,70,Spam
73392,49935,36,Harassment
68165,3632,32,Harassment
68165,29673,53,Misinformation
68165,33706,52,Harassment
68165,69468,34,Harassment
68165,58159,84,Misinformation
68165,70652,41,Misinformation
68165,40556,40,Misinformation
68165,65981,109,Misinformation
68165,56883,51,Hate-speech
68165,10757,45,Spam
68165,23200,69,Spam
68165,37636,54,Hate-speech
68165,57271,75,Spam
68165,71154,39,Spam
68165,54960,94,Hate-speech
68165,41364,45,Misinformation
68165,36883,33,Misinformation
68165,31987,35,Harassment
2448,48895,68,Hate-speech
2448,20808,32,Harassment
2448,12110,54,Harassment
2448,73387,98,Harassment
2448,31587,37,Misinformation
2448,542,32,Spam
2448,25278,50,Hate-speech
2448,32188,52,Harassment
2448,519,32,Misinformation
2448,11802,33,Misinformation
2448,9403,107,Harassment
2448,58882,35,Hate-speech
15189,30451,33,Misinformation
15189,9356,43,Spam
15189,18292,51,Hate-speech
15189,12645,38,Harassment
15189,43411,75,Harassment
15189,9820,38,Misinformation
15189,49448,33,Hate-speech
15189,59004,37,Spam
15189,30990,33,Hate-speech
15189,50549,44,Hate-speech
15189,38598,125,Harassment
15189,43003,35,Spam
15189,10996,58,Spam
15189,30709,42,Misinformation
15189,6898,37,Spam
15189,29267,88,Harassment
15189,41984,48,Hate-speech
15189,15730,35,Spam
15189,24745,192,Misinformation
15189,72709,73,Hate-speech
15189,69821,37,Spam
15189,25465,37,Harassment
15189,37210,56,Hate-speech
15189,58637,36,Spam
15189,35055,50,Misinformation
15189,22518,42,Harassment
15189,11718,36,Misinformation
15189,5210,55,Spam
15189,58076,41,Misinformation
15189,47817,34,Spam
15189,60652,124,Misinformation
15189,2879,32,Hate-speech
15189,60203,99,Harassment
15189,23887,81,Harassment
15189,19754,54,Misinformation
15189,3850,52,Hate-speech
15189,72957,54,Spam
15189,48494,47,Hate-speech
15189,27923,44,Spam
15189,47215,35,Spam
15189,6691,90,Hate-speech
15189,57065,102,Harassment
15189,63629,97,Hate-speech
15189,37674,48,Spam
15189,71259,43,Harassment
15189,48077,45,Misinformation
15189,15587,69,Misinformation
15189,30547,105,Hate-speech
15189,35924,66,Harassment
15189,65925,84,Hate-speech
15189,10180,34,Harassment
15189,71385,82,Misinformation
15189,47917,42,Hate-speech
15189,960,79,Harassment
15189,865,42,Spam
15189,66799,56,Spam
15189,67710,39,Hate-speech
15189,6147,33,Harassment
15189,14335,143,Hate-speech
15189,60416,41,Harassment
15189,43189,44,Hate-speech
15189,49622,61,Misinformation
15189,61737,49,Hate-speech
15189,7,46,Hate-speech
15189,32766,35,Misinformation
15189,42643,45,Spam
15189,42882,41,Spam
15189,23626,34,Harassment
15189,25641,35,Hate-speech
15189,32285,41,Spam
15189,8349,70,Spam
15189,73863,59,Hate-speech
15189,56227,44,Harassment
15189,68183,41,Harassment
15189,16997,68,Spam
15189,52708,38,Misinformation
15189,60793,148,Misinformation
15189,2048,42,Spam
15189,31729,32,Spam
15189,17777,167,Misinformation
15189,7702,169,Harassment
15189,17205,31,Harassment
15189,62299,55,Hate-speech
15189,35749,169,Spam
15189,33034,65,Misinformation
15189,49049,50,Harassment
15189,64603,37,Misinformation
15189,2765,33,Spam
15189,17734,35,Spam
15189,39895,38,Misinformation
15189,61513,112,Misinformation
15189,69509,38,Spam
15189,73013,64,Hate-speech
15189,23021,44,Spam
15189,43094,261,Spam
15189,67755,42,Hate-speech
15189,17907,37,Spam
15189,29125,36,Harassment
15189,46308,74,Spam
15189,21949,33,Hate-speech
15189,41013,57,Hate-speech
15189,50043,438,Hate-speech
15189,71615,57,Misinformation
15189,43622,48,Harassment
15189,74089,44,Harassment
15189,19425,160,Spam
15189,6745,118,Hate-speech
15189,29884,32,Harassment
15189,30707,31,Spam
15189,74290,40,Harassment
15189,29206,48,Misinformation
15189,57255,182,Misinformation
15189,29746,84,Misinformation
15189,69710,54,Harassment
15189,782,35,Misinformation
15189,71390,308,Harassment
15189,49816,41,Spam
15189,55849,47,Misinformation
15189,56651,62,Misinformation
15189,71914,75,Misinformation
15189,1529,67,Misinformation
15189,3144,136,Harassment
15189,73177,59,Hate-speech
15189,21458,76,Hate-speech
15189,41167,31,Misinformation
15189,40830,74,Misinformation
15189,20350,56,Harassment
15189,13461,367,Misinformation
15189,48411,41,Misinformation
15189,46220,45,Misinformation
15189,31423,39,Misinformation
15189,37022,32,Harassment
15189,49598,85,Harassment
15189,5606,74,Spam
15189,70498,31,Harassment
15189,31589,41,Misinformation
15189,4296,33,Misinformation
15189,61741,62,Misinformation
15189,36182,38,Spam
15189,39766,40,Harassment
15189,47615,57,Harassment
15189,15071,46,Misinformation
15189,19485,35,Harassment
15189,33706,66,Spam
15189,69468,211,Hate-speech
15189,13215,40,Harassment
15189,66867,57,Spam
15189,12272,47,Hate-speech
15189,31212,56,Misinformation
15189,73271,63,Hate-speech
15189,52114,45,Hate-speech
15189,6608,167,Spam
15189,37468,36,Hate-speech
15189,18412,38,Hate-speech
15189,50786,170,Misinformation
15189,10120,36,Spam
15189,27384,31,Misinformation
15189,13555,112,Harassment
15189,590,48,Misinformation
15189,58736,60,Hate-speech
15189,963,73,Harassment
15189,69270,40,Spam
15189,43837,32,Spam
15189,69479,94,Hate-speech
15189,71626,66,Hate-speech
15189,47840,51,Hate-speech
15189,47190,55,Spam
15189,8155,39,Harassment
15189,60007,47,Misinformation
15189,47455,37,Spam
15189,68269,38,Misinformation
15189,35117,48,Hate-speech
15189,39866,58,Hate-speech
15189,25828,47,Hate-speech
15189,56656,42,Spam
15189,72256,91,Misinformation
15189,17041,35,Harassment
15189,14986,44,Misinformation
15189,49575,144,Hate-speech
15189,72410,77,Spam
15189,55867,135,Spam
15189,29678,113,Misinformation
15189,10211,37,Misinformation
15189,33253,107,Misinformation
15189,58413,207,Hate-speech
15189,23971,49,Hate-speech
15189,59103,40,Misinformation
15189,21574,32,Misinformation
15189,73906,51,Spam
15189,64738,46,Spam
15189,32897,125,Spam
15189,5612,36,Hate-speech
15189,58159,58,Harassment
15189,12632,62,Hate-speech
15189,24425,84,Hate-speech
15189,4121,36,Hate-speech
15189,48598,52,Spam
15189,34568,71,Spam
15189,9581,49,Spam
15189,32372,37,Spam
15189,24090,31,Spam
15189,64346,76,Spam
15189,66537,131,Spam
15189,6618,37,Spam
15189,26923,44,Misinformation
15189,27088,43,Hate-speech
15189,36935,43,Misinformation
15189,56231,70,Hate-speech
15189,5793,44,Misinformation
15189,40805,45,Harassment
15189,29643,77,Hate-speech
15189,58249,112,Hate-speech
15189,34154,55,Hate-speech
15189,12759,35,Misinformation
15189,55884,71,Hate-speech
15189,66720,103,Misinformation
15189,41812,83,Spam
15189,65873,31,Harassment
15189,59430,38,Harassment
15189,12602,64,Spam
15189,4339,55,Misinformation
15189,21583,42,Hate-speech
15189,17650,42,Spam
15189,30347,33,Misinformation
15189,32597,77,Misinformation
15189,35535,37,Hate-speech
15189,35578,73,Spam
15189,38846,71,Harassment
15189,36609,63,Harassment
15189,3049,33,Hate-speech
15189,14919,36,Spam
15189,17396,50,Hate-speech
15189,56869,68,Harassment
15189,8290,83,Hate-speech
15189,38789,60,Spam
15189,22075,33,Spam
15189,5225,397,Harassment
15189,6108,296,Spam
15189,38762,58,Harassment
15189,6100,32,Hate-speech
15189,58452,46,Harassment
15189,57477,137,Harassment
15189,29930,51,Spam
15189,22231,31,Spam
15189,36507,38,Harassment
15189,25298,166,Misinformation
15189,31108,34,Spam
15189,66626,47,Harassment
15189,6913,32,Hate-speech
15189,59406,39,Harassment
15189,63718,37,Hate-speech
15189,29061,124,Spam
15189,66753,115,Spam
15189,65262,40,Hate-speech
15189,24224,176,Misinformation
15189,600,103,Misinformation
15189,43397,32,Hate-speech
15189,67051,42,Misinformation
15189,24326,142,Spam
15189,1432,66,Spam
15189,32970,32,Misinformation
15189,38547,45,Harassment
15189,53019,49,Harassment
15189,58414,72,Hate-speech
15189,1450,93,Harassment
15189,67962,32,Hate-speech
15189,55865,44,Spam
15189,38574,48,Misinformation
15189,18487,36,Harassment
15189,74329,46,Spam
15189,26606,34,Harassment
15189,67424,66,Harassment
15189,41653,254,Misinformation
15189,38913,40,Harassment
15189,69592,63,Spam
15189,44718,82,Hate-speech
15189,40396,73,Harassment
15189,28537,176,Spam
15189,15866,33,Hate-speech
15189,46658,38,Spam
15189,61694,45,Harassment
15189,31029,126,Spam
15189,22744,36,Hate-speech
15189,36219,33,Harassment
15189,73617,272,Misinformation
15189,46845,112,Spam
15189,61805,48,Misinformation
15189,13520,34,Spam
15189,53989,35,Hate-speech
15189,9757,61,Hate-speech
15189,39251,42,Misinformation
15189,7021,36,Hate-speech
15189,13021,54,Harassment
15189,32651,64,Hate-speech
15189,35091,70,Hate-speech
15189,35328,31,Misinformation
15189,71170,61,Harassment
15189,56305,33,Harassment
15189,41062,44,Spam
15189,60221,46,Misinformation
15189,64883,34,Spam
15189,30746,37,Misinformation
15189,58996,50,Harassment
15189,73341,52,Harassment
15189,51592,31,Hate-speech
15189,47063,111,Hate-speech
15189,20381,32,Hate-speech
15189,60632,38,Harassment
15189,62718,38,Misinformation
15189,16591,40,Misinformation
15189,893,99,Spam
15189,25215,49,Hate-speech
15189,11442,34,Spam
15189,31351,55,Harassment
15189,6494,48,Misinformation
15189,68000,58,Spam
15189,16444,38,Hate-speech
15189,5012,32,Misinformation
15189,58680,40,Harassment
15189,8652,75,Misinformation
15189,48577,43,Misinformation
15189,16491,43,Spam
15189,56745,33,Spam
15189,52647,55,Misinformation
15189,73537,233,Harassment
15189,10208,69,Misinformation
15189,26604,38,Harassment
15189,41324,85,Harassment
15189,7562,95,Spam
15189,71266,69,Misinformation
15189,22917,66,Spam
15189,9842,100,Spam
15189,54096,51,Hate-speech
15189,70763,59,Harassment
15189,24182,42,Hate-speech
15189,60739,62,Misinformation
15189,54910,38,Hate-speech
15189,69286,42,Harassment
15189,24664,39,Hate-speech
15189,37467,53,Harassment
15189,53090,121,Spam
15189,5025,33,Spam
15189,2752,50,Hate-speech
15189,33649,34,Misinformation
15189,7284,49,Hate-speech
15189,65534,34,Spam
15189,33804,43,Harassment
15189,27273,37,Harassment
15189,20093,33,Misinformation
15189,31951,107,Spam
15189,16212,34,Hate-speech
15189,40190,59,Misinformation
15189,38497,37,Misinformation
15189,40543,50,Hate-speech
15189,64663,97,Misinformation
15189,7520,38,Hate-speech
15189,51493,52,Misinformation
15189,70784,57,Harassment
15189,8347,67,Spam
15189,63114,61,Spam
15189,71572,32,Harassment
15189,73718,86,Hate-speech
15189,17655,87,Hate-speech
15189,68174,172,Spam
15189,19212,54,Harassment
15189,33537,128,Hate-speech
15189,5581,37,Hate-speech
15189,66954,32,Hate-speech
15189,6390,63,Harassment
15189,15950,34,Hate-speech
15189,59108,37,Harassment
15189,51695,53,Spam
15189,11426,131,Spam
15189,40282,50,Spam
15189,63528,34,Misinformation
15189,72608,38,Hate-speech
15189,60564,59,Harassment
15189,36690,41,Misinformation
15189,4714,40,Hate-speech
15189,11373,36,Hate-speech
15189,10291,120,Misinformation
15189,52100,31,Harassment
15189,34582,49,Hate-speech
15189,59205,41,Misinformation
15189,61801,36,Spam
15189,19579,59,Hate-speech
15189,61928,48,Spam
15189,11534,297,Spam
15189,63449,55,Hate-speech
15189,6919,35,Spam
15189,59362,157,Hate-speech
15189,60852,32,Hate-speech
15189,3197,66,Hate-speech
15189,55949,34,Spam
15189,46865,32,Harassment
15189,24291,184,Spam
15189,56234,64,Spam
15189,9913,31,Misinformation
15189,38176,44,Spam
15189,45765,40,Harassment
15189,46463,44,Harassment
15189,9251,54,Spam
15189,66110,50,Misinformation
15189,61035,46,Harassment
15189,17592,69,Spam
15189,29002,31,Misinformation
15189,16497,67,Spam
15189,20247,34,Misinformation
15189,24365,35,Harassment
15189,61869,57,Misinformation
15189,4211,53,Harassment
15189,17516,44,Misinformation
15189,14835,37,Misinformation
15189,39290,37,Hate-speech
15189,65091,145,Hate-speech
15189,16769,35,Spam
15189,8762,58,Misinformation
15189,28554,101,Misinformation
15189,61643,164,Spam
15189,64797,132,Harassment
15189,7766,67,Harassment
15189,49122,71,Spam
15189,61811,54,Hate-speech
15189,39542,43,Spam
15189,268,57,Hate-speech
15189,35875,53,Harassment
15189,40867,205,Spam
15189,67893,53,Harassment
15189,20154,43,Spam
15189,19410,31,Harassment
15189,4599,47,Spam
15189,33489,46,Harassment
15189,62653,49,Misinformation
15189,12136,34,Misinformation
15189,11370,32,Spam
15189,4469,79,Spam
15189,41517,60,Spam
15189,21199,42,Misinformation
15189,14505,91,Harassment
15189,1015,33,Hate-speech
15189,46057,32,Misinformation
15189,70028,92,Harassment
15189,36054,47,Spam
15189,4175,33,Harassment
15189,21761,35,Misinformation
15189,62620,55,Harassment
15189,43097,64,Misinformation
15189,4707,37,Spam
15189,31935,55,Spam
15189,33570,103,Misinformation
15189,58640,114,Harassment
15189,8644,58,Hate-speech
15189,69990,56,Harassment
15189,66167,36,Harassment
15189,32105,48,Spam
15189,14445,89,Spam
15189,41612,51,Hate-speech
15189,17460,165,Hate-speech
15189,10451,84,Hate-speech
15189,6901,37,Hate-speech
15189,54335,65,Spam
15189,47477,69,Harassment
15189,54938,74,Hate-speech
15189,5322,36,Misinformation
15189,65364,63,Misinformation
15189,59480,48,Misinformation
15189,46546,33,Misinformation
15189,59874,226,Hate-speech
15189,37288,41,Harassment
15189,62763,63,Hate-speech
15189,34629,84,Hate-speech
15189,73901,52,Spam
15189,61715,49,Hate-speech
15189,16164,59,Misinformation
15189,56543,65,Hate-speech
15189,62244,48,Spam
15189,30319,65,Spam
15189,28130,62,Misinformation
15189,67963,36,Misinformation
15189,32453,32,Harassment
15189,45445,37,Spam
15189,15842,43,Harassment
15189,69536,65,Misinformation
15189,49596,67,Harassment
15189,66319,44,Harassment
15189,40980,32,Harassment
15189,5613,81,Harassment
15189,65004,60,Misinformation
15189,21863,31,Misinformation
15189,69472,46,Misinformation
15189,59760,49,Hate-speech
15189,684,37,Hate-speech
15189,58555,98,Misinformation
15189,26605,160,Misinformation
15189,23843,45,Misinformation
15189,19972,40,Harassment
15189,9288,55,Misinformation
15189,9398,50,Misinformation
15189,7606,64,Hate-speech
15189,20185,63,Hate-speech
15189,48223,59,Spam
15189,33589,64,Harassment
15189,68110,47,Spam
15189,14981,37,Spam
15189,62259,42,Harassment
15189,26467,93,Spam
15189,55246,34,Hate-speech
15189,35927,67,Spam
15189,40065,115,Misinformation
15189,69049,148,Misinformation
15189,11244,131,Hate-speech
15189,66755,31,Hate-speech
15189,26568,33,Harassment
15189,28377,51,Misinformation
15189,19688,49,Misinformation
15189,44711,33,Spam
15189,61909,145,Misinformation
15189,13206,44,Spam
15189,31113,32,Misinformation
15189,70646,58,Hate-speech
15189,70138,78,Hate-speech
15189,38222,48,Misinformation
15189,36228,31,Misinformation
15189,39497,32,Misinformation
15189,13256,31,Hate-speech
15189,51455,143,Harassment
15189,61769,235,Harassment
15189,33843,38,Hate-speech
15189,71196,48,Misinformation
15189,36193,68,Harassment
15189,27377,49,Misinformation
15189,44148,38,Misinformation
15189,46411,39,Hate-speech
15189,53447,45,Hate-speech
15189,51394,45,Hate-speech
15189,10339,31,Harassment
15189,47991,88,Spam
15189,16298,54,Misinformation
15189,61808,66,Hate-speech
15189,49724,49,Harassment
15189,59704,46,Harassment
15189,58442,60,Misinformation
15189,47403,39,Misinformation
15189,37636,64,Harassment
15189,18271,54,Harassment
15189,43326,32,Spam
15189,47628,35,Spam
15189,67610,44,Spam
15189,72645,58,Spam
15189,51737,61,Harassment
15189,31142,62,Spam
15189,35870,70,Harassment
15189,38977,61,Spam
15189,22672,53,Misinformation
15189,25984,39,Hate-speech
15189,66347,39,Misinformation
15189,3121,49,Spam
15189,32814,213,Hate-speech
15189,41712,46,Hate-speech
15189,56991,42,Spam
15189,34195,57,Harassment
15189,13563,151,Harassment
15189,19505,68,Misinformation
15189,7993,37,Spam
15189,4304,37,Misinformation
15189,44245,35,Spam
15189,65138,35,Misinformation
15189,74005,34,Misinformation
15189,55177,32,Misinformation
15189,71903,38,Hate-speech
15189,12050,33,Misinformation
15189,63139,52,Spam
15189,67063,36,Hate-speech
15189,22806,32,Harassment
15189,10866,42,Spam
15189,49488,59,Misinformation
15189,6240,87,Hate-speech
15189,71536,155,Harassment
15189,14011,52,Harassment
15189,8745,31,Harassment
15189,25503,66,Misinformation
15189,33960,54,Hate-speech
15189,54390,34,Spam
15189,35469,139,Harassment
15189,27723,53,Hate-speech
15189,46863,33,Harassment
15189,28517,38,Spam
15189,22903,36,Misinformation
15189,1997,44,Spam
15189,36338,53,Hate-speech
15189,56882,87,Misinformation
15189,33409,47,Misinformation
15189,3878,97,Misinformation
15189,8021,58,Hate-speech
15189,24885,43,Spam
15189,13796,42,Harassment
15189,12008,43,Misinformation
15189,6633,60,Misinformation
15189,62520,33,Spam
15189,60311,40,Misinformation
15189,34476,563,Misinformation
15189,28789,37,Harassment
15189,16376,36,Hate-speech
15189,2710,122,Misinformation
15189,29239,34,Hate-speech
15189,5604,43,Hate-speech
15189,14071,33,Misinformation
15189,44689,103,Misinformation
15189,31062,119,Hate-speech
15189,22608,162,Misinformation
15189,68072,39,Spam
15189,23615,52,Spam
15189,1586,54,Hate-speech
15189,59632,44,Harassment
15189,70306,48,Hate-speech
15189,56313,40,Spam
15189,52761,51,Misinformation
15189,2916,67,Misinformation
15189,57531,31,Harassment
15189,7935,83,Misinformation
15189,34445,33,Harassment
15189,25521,84,Hate-speech
15189,16960,51,Hate-speech
15189,28263,33,Harassment
15189,31912,128,Hate-speech
15189,64796,35,Spam
15189,50642,35,Spam
15189,39095,33,Misinformation
15189,33444,46,Spam
15189,41121,563,Harassment
15189,29966,81,Hate-speech
15189,15027,33,Misinformation
15189,69324,83,Hate-speech
15189,1547,50,Hate-speech
15189,62588,46,Spam
15189,6355,146,Spam
15189,18835,93,Spam
15189,45125,34,Hate-speech
15189,6575,54,Hate-speech
15189,63589,79,Misinformation
15189,27246,189,Harassment
15189,68036,44,Misinformation
15189,44871,111,Hate-speech
15189,68069,35,Misinformation
15189,10528,39,Misinformation
15189,68978,37,Harassment
15189,22361,91,Hate-speech
15189,26720,71,Hate-speech
15189,56888,202,Hate-speech
15189,17114,52,Harassment
15189,39338,32,Harassment
15189,67744,47,Hate-speech
15189,69593,49,Hate-speech
15189,51546,54,Spam
15189,8481,164,Hate-speech
15189,21570,76,Misinformation
15189,72499,217,Hate-speech
15189,45821,38,Harassment
15189,33732,44,Misinformation
15189,3032,89,Misinformation
15189,36979,32,Harassment
15189,72375,39,Hate-speech
15189,9950,33,Spam
15189,39507,34,Hate-speech
15189,56739,34,Misinformation
15189,29668,50,Misinformation
15189,50647,31,Misinformation
15189,58969,44,Misinformation
15189,32865,38,Misinformation
15189,1071,81,Harassment
15189,26089,38,Harassment
15189,56626,60,Spam
15189,12572,177,Spam
15189,15773,83,Hate-speech
15189,15890,59,Harassment
15189,8736,58,Hate-speech
15189,62781,45,Hate-speech
15189,72209,51,Spam
15189,53643,31,Misinformation
15189,62670,100,Misinformation
15189,3065,63,Harassment
15189,7841,89,Spam
15189,16264,87,Spam
15189,57585,48,Hate-speech
15189,27817,60,Misinformation
15189,40528,73,Harassment
15189,13836,66,Hate-speech
15189,34469,93,Misinformation
15189,73611,42,Spam
15189,62861,37,Misinformation
15189,13738,37,Harassment
15189,10316,109,Hate-speech
15189,14894,53,Harassment
15189,62348,72,Harassment
15189,2173,52,Harassment
15189,15116,135,Hate-speech
15189,56907,63,Hate-speech
15189,15028,182,Misinformation
15189,66317,34,Hate-speech
15189,29663,88,Misinformation
15189,60066,56,Misinformation
15189,56342,103,Misinformation
15189,9967,71,Misinformation
15189,60381,51,Misinformation
15189,30039,37,Spam
15189,24880,31,Harassment
15189,26316,35,Spam
15189,73980,37,Harassment
15189,39025,41,Hate-speech
15189,30205,216,Harassment
15189,2164,54,Misinformation
15189,47317,94,Hate-speech
15189,54490,34,Harassment
15189,44773,80,Harassment
15189,36669,75,Hate-speech
15189,42794,74,Spam
15189,20716,49,Harassment
15189,55390,74,Hate-speech
15189,12154,142,Spam
15189,22227,58,Hate-speech
15189,1147,37,Hate-speech
15189,60921,33,Spam
15189,50345,80,Hate-speech
15189,10111,83,Spam
15189,19305,32,Hate-speech
15189,66701,54,Hate-speech
15189,48728,68,Misinformation
15189,63713,36,Harassment
15189,49925,99,Hate-speech
15189,40525,82,Misinformation
15189,8861,43,Harassment
15189,46570,37,Misinformation
15189,71564,43,Hate-speech
15189,42057,67,Hate-speech
15189,41595,46,Misinformation
15189,33707,47,Misinformation
15189,56267,86,Misinformation
15189,51285,50,Spam
15189,52894,48,Misinformation
15189,10788,48,Spam
15189,64264,53,Harassment
15189,51514,112,Misinformation
15189,67480,40,Misinformation
15189,24843,45,Hate-speech
15189,59018,51,Misinformation
15189,66715,77,Spam
15189,37820,46,Harassment
15189,27777,35,Spam
15189,30696,38,Spam
15189,24294,37,Harassment
15189,51538,35,Hate-speech
15189,23258,83,Spam
15189,13362,109,Spam
15189,49911,139,Hate-speech
15189,74103,121,Hate-speech
15189,70433,43,Hate-speech
15189,16052,34,Hate-speech
15189,36848,50,Misinformation
15189,38737,43,Hate-speech
15189,39971,45,Misinformation
15189,31503,33,Spam
15189,38959,147,Misinformation
15189,22118,123,Spam
15189,9959,50,Misinformation
15189,57366,57,Spam
15189,44681,75,Harassment
15189,35593,45,Harassment
15189,67256,73,Hate-speech
15189,9368,40,Hate-speech
15189,55284,85,Hate-speech
15189,39724,76,Spam
15189,65606,47,Spam
15189,71511,33,Harassment
15189,30679,35,Misinformation
15189,12965,34,Spam
15189,4000,106,Misinformation
15189,62103,38,Hate-speech
15189,4957,42,Spam
15189,56031,151,Harassment
15189,73045,88,Hate-speech
15189,51702,90,Hate-speech
15189,27311,51,Misinformation
15189,25357,34,Harassment
15189,73088,149,Harassment
15189,23709,37,Hate-speech
15189,33491,158,Hate-speech
15189,66678,47,Harassment
15189,73303,38,Hate-speech
15189,66707,47,Misinformation
15189,17047,135,Misinformation
15189,42661,33,Spam
15189,15934,121,Harassment
15189,50695,115,Misinformation
15189,13309,32,Hate-speech
15189,60712,90,Harassment
15189,47392,44,Spam
15189,20426,110,Misinformation
15189,3021,66,Misinformation
15189,8622,31,Misinformation
15189,45418,114,Harassment
15189,41890,39,Spam
15189,50243,87,Hate-speech
15189,68581,33,Spam
15189,63370,351,Harassment
15189,43291,109,Hate-speech
15189,33068,47,Harassment
15189,39688,277,Misinformation
15189,3819,51,Hate-speech
15189,67208,93,Misinformation
15189,19022,161,Harassment
15189,40037,111,Harassment
15189,19561,31,Misinformation
15189,17932,35,Misinformation
15189,68053,60,Harassment
15189,15397,43,Hate-speech
15189,46649,41,Spam
15189,11799,92,Misinformation
15189,22976,89,Harassment
15189,126,33,Harassment
15189,9587,44,Spam
15189,52023,47,Spam
15189,51537,67,Spam
15189,45567,70,Harassment
15189,4156,33,Harassment
15189,8647,59,Misinformation
15189,23848,33,Misinformation
15189,66483,64,Hate-speech
15189,35820,35,Misinformation
15189,17043,37,Misinformation
15189,68887,65,Spam
15189,42434,85,Misinformation
15189,66411,36,Hate-speech
15189,52335,75,Misinformation
15189,25146,39,Spam
29595,38120,40,Misinformation
29595,60745,42,Misinformation
22540,63578,31,Harassment
22540,17928,152,Misinformation
22540,60978,61,Misinformation
22540,33236,70,Misinformation
22540,13395,35,Misinformation
22540,31307,43,Spam
59904,17182,40,Misinformation
59904,46192,43,Spam
21089,33362,48,Spam
21089,45862,62,Misinformation
21089,48996,35,Spam
21089,27576,77,Misinformation
21089,60031,36,Misinformation
21089,27712,52,Misinformation
21089,68833,71,Harassment
21089,73612,40,Harassment
21089,24598,143,Hate-speech
21089,34959,50,Misinformation
44559,10528,37,Misinformation
44559,8269,73,Harassment
23977,12228,32,Misinformation
23977,6147,31,Misinformation
23977,37152,34,Spam
23977,14335,50,Misinformation
23977,19343,75,Spam
23977,42927,33,Harassment
23977,38814,67,Hate-speech
23977,69270,81,Spam
23977,4984,34,Misinformation
23977,67821,58,Spam
23977,12187,42,Spam
23977,49540,53,Hate-speech
23977,45600,50,Hate-speech
23977,19948,66,Hate-speech
23977,5920,33,Harassment
23977,55301,95,Hate-speech
23977,62502,32,Hate-speech
23977,61909,121,Spam
23977,69397,49,Harassment
23977,15820,36,Spam
23977,21999,48,Spam
23977,58999,62,Misinformation
23977,8633,33,Spam
23977,27246,41,Harassment
23977,56739,32,Harassment
23977,57523,55,Spam
23977,68349,52,Spam
23977,15028,36,Misinformation
23977,54020,37,Misinformation
23977,43239,90,Misinformation
23977,23272,35,Harassment
23977,22020,122,Misinformation
23977,47145,54,Spam
23977,38198,54,Misinformation
23977,55217,39,Harassment
23977,54505,31,Hate-speech
23977,50620,36,Spam
23977,10052,35,Harassment
23977,8647,149,Hate-speech
68485,34930,37,Harassment
68485,60978,215,Misinformation
68485,63609,39,Misinformation
68485,67189,69,Hate-speech
68485,73422,133,Misinformation
68485,13009,41,Harassment
68485,15465,44,Hate-speech
68485,71826,38,Spam
68485,69329,79,Spam
68485,6555,69,Hate-speech
68485,18741,192,Spam
68485,18578,61,Hate-speech
68485,19582,44,Harassment
68485,64568,32,Misinformation
68485,36076,83,Spam
68485,59461,33,Hate-speech
68485,34240,44,Hate-speech
68485,1350,31,Hate-speech
68485,32804,50,Spam
68485,35300,57,Hate-speech
68485,26055,55,Hate-speech
67191,8604,40,Misinformation
67191,57677,33,Hate-speech
47320,46100,60,Misinformation
47320,3790,33,Hate-speech
47320,52339,32,Harassment
47320,8857,40,Misinformation
47320,18226,51,Harassment
47320,17475,34,Misinformation
47320,926,39,Misinformation
47320,39142,58,Harassment
47320,39018,35,Harassment
47320,39945,37,Harassment
47320,16397,40,Harassment
47320,73422,43,Hate-speech
47320,37336,42,Misinformation
47320,15204,53,Spam
47320,35941,31,Hate-speech
47320,25048,40,Harassment
47320,40322,50,Harassment
47320,28242,34,Misinformation
47320,40117,39,Misinformation
47320,30412,57,Harassment
47320,22872,103,Harassment
47320,36183,85,Spam
47320,34714,33,Hate-speech
47320,10676,401,Hate-speech
47320,27083,34,Spam
47320,57013,53,Misinformation
47320,23951,47,Misinformation
47320,29247,36,Harassment
47320,4633,38,Spam
47320,32710,123,Misinformation
47320,51910,41,Misinformation
47320,36371,36,Misinformation
47320,32188,58,Misinformation
47320,69664,33,Harassment
47320,5316,56,Spam
47320,49945,32,Hate-speech
47320,21912,40,Spam
47320,45243,31,Spam
47320,54140,77,Harassment
47320,43056,45,Hate-speech
47320,72944,32,Harassment
47320,71088,79,Hate-speech
47320,43441,40,Hate-speech
47320,26126,37,Harassment
47320,15638,33,Misinformation
47320,27986,49,Hate-speech
47320,51674,41,Spam
47320,41659,72,Spam
47320,47333,37,Spam
47320,51892,33,Misinformation
47320,16916,43,Spam
47320,72109,37,Spam
47320,46900,39,Spam
47320,42086,56,Hate-speech
32421,4783,53,Harassment
32421,27965,55,Spam
32421,72528,217,Misinformation
32421,58799,31,Harassment
32421,51205,34,Harassment
32421,45527,31,Harassment
32421,50889,140,Spam
32421,69138,214,Spam
32421,30399,84,Harassment
32421,55190,63,Spam
32421,26185,121,Hate-speech
32421,49121,35,Spam
32421,51919,38,Misinformation
32421,17237,152,Hate-speech
32421,38438,40,Hate-speech
32421,7130,118,Hate-speech
32421,26965,31,Spam
32421,44996,47,Harassment
32421,33534,42,Spam
32421,70042,35,Spam
32421,69716,178,Misinformation
32421,3413,39,Spam
32421,64821,40,Harassment
32421,28439,109,Harassment
32421,31765,62,Spam
32421,21535,63,Spam
32421,51692,41,Misinformation
32421,50085,216,Spam
32421,54829,61,Harassment
32421,65386,63,Misinformation
32421,21629,31,Spam
32421,51723,49,Hate-speech
32421,15025,36,Hate-speech
32421,59805,32,Harassment
32421,3589,110,Harassment
32421,38948,40,Hate-speech
32421,67020,193,Misinformation
32421,65845,43,Harassment
32421,13726,36,Spam
32421,72543,49,Misinformation
32421,13835,121,Harassment
32421,64421,43,Misinformation
32421,61519,32,Harassment
32421,31633,287,Harassment
32421,67390,45,Harassment
32421,64683,117,Hate-speech
32421,26288,112,Spam
32421,67552,215,Harassment
32421,29260,49,Hate-speech
32421,38441,64,Hate-speech
32421,48678,64,Harassment
32421,27699,53,Spam
32421,36969,359,Spam
32421,8469,55,Hate-speech
32421,34679,126,Hate-speech
32421,4750,54,Spam
32421,68441,91,Hate-speech
32421,8819,89,Hate-speech
32421,35715,121,Hate-speech
32421,24964,40,Harassment
32421,63578,47,Spam
32421,7253,51,Misinformation
32421,74229,33,Spam
32421,45568,215,Spam
32421,59299,201,Spam
32421,11775,143,Misinformation
32421,37621,33,Misinformation
32421,73937,36,Misinformation
32421,3205,298,Spam
32421,32476,47,Misinformation
32421,34432,33,Misinformation
32421,60407,223,Hate-speech
32421,46386,45,Spam
32421,63624,83,Harassment
32421,5314,363,Harassment
32421,29734,35,Harassment
32421,55136,81,Hate-speech
32421,12621,202,Misinformation
32421,17829,45,Harassment
32421,63462,52,Spam
32421,62534,615,Misinformation
32421,52902,37,Hate-speech
32421,45220,36,Spam
32421,6659,33,Spam
32421,11979,84,Hate-speech
32421,33287,47,Hate-speech
32421,9653,50,Misinformation
32421,9852,43,Hate-speech
32421,46497,74,Hate-speech
32421,56743,62,Spam
32421,11191,42,Spam
32421,20342,61,Hate-speech
32421,37022,137,Spam
32421,34601,128,Harassment
32421,34930,43,Misinformation
32421,51064,50,Spam
32421,60978,868,Misinformation
32421,67308,70,Hate-speech
32421,2780,32,Harassment
32421,1498,49,Harassment
32421,32793,41,Spam
32421,12650,52,Misinformation
32421,37588,31,Hate-speech
32421,32270,73,Harassment
32421,62793,31,Harassment
32421,44789,37,Hate-speech
32421,30453,37,Misinformation
32421,34977,342,Misinformation
32421,6488,32,Spam
32421,27837,49,Hate-speech
32421,63143,70,Misinformation
32421,70762,77,Harassment
32421,39945,48,Spam
32421,25575,41,Hate-speech
32421,47704,48,Harassment
32421,3217,35,Hate-speech
32421,18129,33,Harassment
32421,16030,35,Harassment
32421,46243,80,Hate-speech
32421,6730,31,Misinformation
32421,9633,35,Spam
32421,47868,88,Misinformation
32421,60254,96,Hate-speech
32421,13394,77,Harassment
32421,4984,266,Spam
32421,45652,1186,Spam
32421,58413,49,Misinformation
32421,42722,31,Harassment
32421,10961,33,Misinformation
32421,48013,250,Harassment
32421,17914,51,Spam
32421,59882,34,Spam
32421,68603,33,Misinformation
32421,26462,77,Hate-speech
32421,23652,35,Harassment
32421,4264,32,Hate-speech
32421,63609,38,Harassment
32421,44041,130,Hate-speech
32421,13667,34,Misinformation
32421,11876,165,Hate-speech
32421,40047,108,Misinformation
32421,69106,65,Hate-speech
32421,42698,38,Spam
32421,10288,46,Spam
32421,18007,119,Misinformation
32421,27583,131,Harassment
32421,59467,53,Spam
32421,12157,32,Harassment
32421,25949,35,Misinformation
32421,30901,38,Hate-speech
32421,72019,131,Misinformation
32421,47892,44,Hate-speech
32421,38408,195,Hate-speech
32421,5370,133,Misinformation
32421,44791,39,Misinformation
32421,27894,33,Misinformation
32421,61515,48,Spam
32421,8503,212,Hate-speech
32421,23931,40,Harassment
32421,13989,82,Harassment
32421,48791,47,Hate-speech
32421,28956,35,Misinformation
32421,20980,34,Hate-speech
32421,36552,82,Misinformation
32421,64207,76,Harassment
32421,49222,32,Hate-speech
32421,39948,34,Spam
32421,72365,52,Hate-speech
32421,45640,54,Misinformation
32421,40573,31,Misinformation
32421,47969,47,Hate-speech
32421,25871,48,Spam
32421,9455,38,Spam
32421,39403,114,Spam
32421,72552,41,Hate-speech
32421,73422,36,Hate-speech
32421,48054,34,Misinformation
32421,30080,60,Harassment
32421,55615,43,Spam
32421,63083,104,Spam
32421,51430,38,Misinformation
32421,47655,147,Misinformation
32421,63046,46,Spam
32421,46527,59,Harassment
32421,23327,42,Hate-speech
32421,25274,58,Hate-speech
32421,29969,63,Harassment
32421,51988,373,Spam
32421,24125,45,Misinformation
32421,66190,34,Hate-speech
32421,49604,174,Harassment
32421,29936,33,Misinformation
32421,19925,92,Hate-speech
32421,59689,49,Hate-speech
32421,42780,34,Harassment
32421,71912,118,Spam
32421,68346,49,Harassment
32421,39144,73,Misinformation
32421,24698,56,Spam
32421,17839,39,Hate-speech
32421,42442,41,Misinformation
32421,5711,56,Spam
32421,21495,92,Harassment
32421,2420,40,Spam
32421,13588,127,Misinformation
32421,55184,31,Harassment
32421,38040,53,Hate-speech
32421,26540,216,Harassment
32421,23915,61,Spam
32421,38021,107,Harassment
32421,56351,514,Misinformation
32421,61370,127,Hate-speech
32421,11835,66,Harassment
32421,9880,62,Misinformation
32421,4955,33,Misinformation
32421,17195,96,Spam
32421,9272,80,Harassment
32421,19709,59,Harassment
32421,25888,110,Harassment
32421,29725,36,Hate-speech
32421,15465,74,Hate-speech
32421,47577,49,Harassment
32421,623,91,Hate-speech
32421,46964,54,Hate-speech
32421,54209,70,Misinformation
32421,4435,47,Harassment
32421,10274,109,Harassment
32421,47956,83,Spam
32421,10327,35,Spam
32421,47855,42,Spam
32421,66354,32,Hate-speech
32421,45076,52,Spam
32421,56612,82,Harassment
32421,33236,69,Misinformation
32421,66930,76,Hate-speech
32421,66110,173,Misinformation
32421,17592,36,Spam
32421,41437,61,Misinformation
32421,23353,54,Hate-speech
32421,44909,48,Spam
32421,1192,73,Spam
32421,1402,41,Hate-speech
32421,13395,72,Hate-speech
32421,286,35,Harassment
32421,58362,74,Spam
32421,52907,54,Hate-speech
32421,9283,61,Spam
32421,65248,90,Misinformation
32421,37973,33,Hate-speech
32421,38185,31,Harassment
32421,10407,44,Misinformation
32421,61643,67,Harassment
32421,53183,31,Misinformation
32421,2886,46,Harassment
32421,42516,33,Spam
32421,42915,76,Hate-speech
32421,27646,67,Harassment
32421,48551,46,Hate-speech
32421,23414,46,Hate-speech
32421,40867,41,Spam
32421,38988,57,Harassment
32421,38173,32,Harassment
32421,66160,51,Misinformation
32421,64115,34,Misinformation
32421,28970,54,Hate-speech
32421,55470,35,Spam
32421,57861,31,Harassment
32421,27149,39,Harassment
32421,31746,40,Spam
32421,10676,90,Hate-speech
32421,61610,34,Spam
32421,54293,52,Misinformation
32421,70016,33,Misinformation
32421,44382,37,Misinformation
32421,36886,44,Harassment
32421,6006,44,Spam
32421,51740,76,Misinformation
32421,15749,114,Spam
32421,7275,55,Misinformation
32421,51158,35,Spam
32421,68214,166,Hate-speech
32421,55683,39,Harassment
32421,6555,328,Misinformation
32421,32031,102,Spam
32421,66525,34,Harassment
32421,60333,32,Misinformation
32421,45913,43,Harassment
32421,53284,34,Misinformation
32421,30548,62,Harassment
32421,7966,31,Harassment
32421,10680,32,Harassment
32421,64947,449,Harassment
32421,17440,45,Hate-speech
32421,47561,73,Harassment
32421,14165,34,Misinformation
32421,16467,35,Harassment
32421,51315,140,Hate-speech
32421,12378,35,Hate-speech
32421,232,79,Hate-speech
32421,74147,73,Hate-speech
32421,45041,71,Hate-speech
32421,60815,43,Spam
32421,42706,60,Misinformation
32421,49877,66,Misinformation
32421,56362,38,Harassment
32421,39466,34,Misinformation
32421,28902,48,Harassment
32421,16699,106,Misinformation
32421,2440,40,Hate-speech
32421,25278,459,Hate-speech
32421,40209,54,Spam
32421,23101,43,Spam
32421,20252,393,Spam
32421,48385,96,Hate-speech
32421,27332,54,Spam
32421,67045,51,Spam
32421,23279,39,Spam
32421,66914,139,Hate-speech
32421,25934,64,Hate-speech
32421,10037,71,Harassment
32421,65412,69,Hate-speech
32421,40667,31,Misinformation
32421,49800,53,Spam
32421,11261,68,Spam
32421,62064,38,Harassment
32421,41395,44,Spam
32421,18741,1471,Hate-speech
32421,28724,109,Harassment
32421,42961,79,Harassment
32421,19558,39,Hate-speech
32421,11223,168,Hate-speech
32421,30043,78,Misinformation
32421,31307,34,Misinformation
32421,3941,74,Harassment
32421,49337,39,Misinformation
32421,39578,240,Spam
32421,51910,70,Harassment
32421,68694,48,Harassment
32421,52288,43,Harassment
32421,8535,111,Harassment
32421,22721,64,Hate-speech
32421,63960,33,Hate-speech
32421,20837,59,Hate-speech
32421,32195,250,Harassment
32421,15759,111,Harassment
32421,54842,41,Misinformation
32421,56262,33,Misinformation
32421,22978,46,Misinformation
32421,29727,75,Misinformation
32421,18578,70,Hate-speech
32421,8284,37,Misinformation
32421,41271,32,Harassment
32421,7640,84,Misinformation
32421,63160,39,Spam
32421,26433,34,Harassment
32421,38761,37,Hate-speech
32421,70726,96,Misinformation
32421,32341,43,Hate-speech
32421,41286,58,Spam
32421,42797,57,Misinformation
32421,427,73,Harassment
32421,49236,80,Harassment
32421,19582,31,Hate-speech
32421,36968,33,Misinformation
32421,62107,35,Spam
32421,29975,35,Hate-speech
32421,62698,40,Spam
32421,63292,38,Spam
32421,15479,39,Harassment
32421,23724,107,Hate-speech
32421,42230,83,Spam
32421,61162,43,Spam
32421,73833,32,Harassment
32421,51355,123,Spam
32421,20758,40,Hate-speech
32421,17223,37,Misinformation
32421,19115,38,Spam
32421,66970,42,Misinformation
32421,39893,51,Spam
32421,39470,40,Misinformation
32421,19521,37,Hate-speech
32421,35014,46,Misinformation
32421,70644,47,Hate-speech
32421,45701,92,Spam
32421,64152,86,Hate-speech
32421,64568,72,Spam
32421,10232,39,Hate-speech
32421,64161,65,Misinformation
32421,51989,45,Spam
32421,481,61,Spam
32421,10032,60,Hate-speech
32421,31936,35,Spam
32421,12116,37,Misinformation
32421,26742,63,Misinformation
32421,24424,49,Misinformation
32421,21699,124,Misinformation
32421,28523,40,Harassment
32421,20131,38,Harassment
32421,7683,85,Misinformation
32421,43512,96,Hate-speech
32421,46177,38,Spam
32421,35309,34,Harassment
32421,28879,63,Hate-speech
32421,26,43,Harassment
32421,64625,125,Harassment
32421,4639,95,Harassment
32421,13604,64,Hate-speech
32421,11423,59,Misinformation
32421,25427,32,Harassment
32421,18719,73,Misinformation
32421,54673,117,Hate-speech
32421,36370,58,Harassment
32421,32389,41,Hate-speech
32421,19308,35,Misinformation
32421,59997,155,Harassment
32421,4552,36,Harassment
32421,34666,95,Harassment
32421,37090,59,Misinformation
32421,66750,61,Hate-speech
32421,19924,37,Harassment
32421,20372,63,Harassment
32421,62985,72,Hate-speech
32421,72072,39,Misinformation
32421,4758,88,Harassment
32421,52405,36,Hate-speech
32421,16090,41,Hate-speech
32421,47636,63,Harassment
32421,68656,61,Hate-speech
32421,46480,147,Spam
32421,2704,199,Misinformation
32421,18653,57,Misinformation
32421,73939,39,Misinformation
32421,68863,33,Hate-speech
32421,67593,32,Spam
32421,66564,61,Spam
32421,22643,35,Harassment
32421,22426,87,Harassment
32421,60980,39,Spam
32421,736,54,Spam
32421,60212,31,Hate-speech
32421,44871,52,Harassment
32421,9622,34,Misinformation
32421,54221,35,Harassment
32421,29507,47,Spam
32421,7595,33,Harassment
32421,11254,39,Spam
32421,7588,59,Hate-speech
32421,45769,32,Harassment
32421,40750,105,Hate-speech
32421,47771,79,Spam
32421,64119,152,Spam
32421,62120,34,Harassment
32421,21510,125,Misinformation
32421,71525,50,Spam
32421,32759,44,Spam
32421,52,49,Harassment
32421,52227,41,Hate-speech
32421,67041,40,Misinformation
32421,73075,37,Misinformation
32421,46180,53,Harassment
32421,46686,225,Spam
32421,64444,35,Spam
32421,59461,82,Misinformation
32421,52295,44,Harassment
32421,9962,40,Harassment
32421,56736,54,Hate-speech
32421,22269,85,Spam
32421,24411,47,Hate-speech
32421,66992,45,Spam
32421,69768,94,Harassment
32421,61166,41,Spam
32421,57504,44,Hate-speech
32421,20939,65,Harassment
32421,23487,115,Hate-speech
32421,4846,33,Misinformation
32421,16250,136,Spam
32421,13601,60,Hate-speech
32421,2324,39,Hate-speech
32421,72144,83,Hate-speech
32421,15028,315,Harassment
32421,34309,37,Misinformation
32421,42,255,Harassment
32421,46119,103,Spam
32421,34240,66,Misinformation
32421,65002,49,Hate-speech
32421,42211,207,Misinformation
32421,6297,34,Spam
32421,1350,34,Harassment
32421,42019,72,Harassment
32421,15638,35,Spam
32421,67392,70,Spam
32421,58713,92,Spam
32421,15542,33,Hate-speech
32421,12723,46,Hate-speech
32421,72567,130,Hate-speech
32421,47616,34,Hate-speech
32421,1559,90,Hate-speech
32421,55740,69,Hate-speech
32421,55817,222,Misinformation
32421,61173,77,Harassment
32421,69973,32,Spam
32421,18962,38,Hate-speech
32421,40826,31,Harassment
32421,19781,43,Spam
32421,30563,48,Misinformation
32421,45242,38,Harassment
32421,73157,459,Misinformation
32421,20193,38,Harassment
32421,73894,139,Harassment
32421,68986,52,Misinformation
32421,46815,65,Harassment
32421,61939,38,Harassment
32421,35389,118,Misinformation
32421,20508,32,Hate-speech
32421,39840,38,Spam
32421,18406,72,Harassment
32421,54613,634,Hate-speech
32421,7361,44,Harassment
32421,68423,35,Harassment
32421,11387,32,Spam
32421,31229,38,Spam
32421,40880,134,Misinformation
32421,3186,196,Hate-speech
32421,56692,55,Hate-speech
32421,2596,43,Hate-speech
32421,59250,37,Spam
32421,73277,54,Spam
32421,57947,83,Hate-speech
32421,73298,150,Harassment
32421,59036,34,Misinformation
32421,65587,79,Spam
32421,43560,51,Harassment
32421,48423,85,Misinformation
32421,37566,54,Misinformation
32421,45935,31,Spam
32421,5738,36,Harassment
32421,8288,148,Hate-speech
32421,62505,35,Misinformation
32421,43910,137,Hate-speech
32421,61977,31,Harassment
32421,21367,81,Misinformation
32421,11641,39,Misinformation
32421,63318,44,Harassment
32421,63923,52,Spam
32421,67388,36,Misinformation
32421,74043,45,Harassment
32421,52695,37,Misinformation
32421,10884,35,Hate-speech
32421,1364,164,Misinformation
32421,49233,59,Spam
32421,40475,65,Spam
32421,11175,64,Harassment
32421,5185,33,Hate-speech
32421,68091,70,Hate-speech
32421,62077,46,Misinformation
32421,41926,35,Harassment
32421,1820,38,Misinformation
32421,2076,38,Harassment
32421,72328,144,Misinformation
32421,21508,48,Spam
32421,68892,90,Misinformation
32421,26055,92,Hate-speech
32421,26987,155,Spam
32421,41136,61,Harassment
32421,20315,31,Hate-speech
32421,31533,48,Spam
32421,49673,34,Misinformation
32421,24887,90,Hate-speech
32421,44106,38,Harassment
32421,45331,39,Hate-speech
32421,26324,110,Harassment
32421,37717,31,Harassment
32421,19022,90,Harassment
32421,3319,41,Harassment
32421,41376,37,Spam
32421,11784,66,Hate-speech
32421,32800,52,Misinformation
32421,63572,33,Misinformation
32421,30213,99,Spam
32421,25925,35,Hate-speech
32421,61570,42,Hate-speech
32421,41889,56,Misinformation
32421,24979,36,Spam
32421,59119,36,Harassment
32421,11565,43,Hate-speech
32421,62649,32,Spam
59721,27607,78,Harassment
59721,25209,75,Spam
59721,73086,39,Hate-speech
59721,34406,49,Spam
59721,25809,37,Harassment
59721,38820,46,Spam
59721,28552,111,Misinformation
59721,34497,76,Harassment
59721,32710,33,Harassment
59721,392,67,Hate-speech
59721,55618,38,Spam
59721,49410,32,Misinformation
59721,58925,104,Misinformation
59721,63466,38,Hate-speech
59721,71956,103,Hate-speech
59721,42037,37,Harassment
59721,37731,53,Harassment
59721,22426,36,Hate-speech
59721,25288,46,Spam
59721,28539,73,Harassment
59721,68487,39,Hate-speech
59721,10194,56,Spam
59721,12483,66,Misinformation
59721,3697,38,Harassment
35130,11727,44,Spam
35130,15519,48,Harassment
35130,56227,46,Spam
35130,71172,32,Hate-speech
35130,33706,45,Misinformation
35130,12061,36,Spam
35130,58584,44,Misinformation
35130,43941,34,Harassment
35130,61987,69,Spam
35130,38222,36,Misinformation
35130,57271,53,Harassment
35130,40431,61,Misinformation
35130,54960,53,Spam
35130,35571,45,Spam
35130,67256,39,Hate-speech
35130,27311,31,Spam
21007,26185,34,Harassment
21007,17237,65,Hate-speech
21007,33165,70,Hate-speech
21007,59396,39,Spam
21007,43434,55,Misinformation
21007,66203,53,Misinformation
21007,16085,114,Misinformation
21007,55981,71,Misinformation
21007,60978,134,Hate-speech
21007,42469,37,Misinformation
21007,69302,64,Misinformation
21007,66614,39,Misinformation
21007,4946,74,Misinformation
21007,24573,34,Harassment
21007,73422,77,Misinformation
21007,22400,33,Misinformation
21007,49568,58,Spam
21007,8534,34,Spam
21007,49631,48,Spam
21007,26369,40,Hate-speech
21007,24702,82,Hate-speech
21007,2768,51,Harassment
21007,47928,57,Harassment
21007,42293,35,Spam
21007,58188,52,Spam
21007,35207,56,Misinformation
21007,9818,38,Hate-speech
21007,24197,39,Misinformation
21007,72679,39,Hate-speech
21007,70810,76,Spam
21007,57472,33,Harassment
21007,38655,56,Hate-speech
21007,111,100,Misinformation
21007,51844,31,Hate-speech
21007,50378,36,Misinformation
21007,23537,46,Harassment
39320,74265,46,Spam
39320,59362,44,Misinformation
39320,20208,31,Hate-speech
39320,9959,32,Misinformation
39320,73232,59,Spam
39320,34774,35,Spam
